{"cameraMode":{"drawMode":0,"name":"Shaded","section":"Shading Mode"},"sceneLighting":false,"audioPlay":false,"sceneViewState":{"showFog":true,"showMaterialUpdate":false,"showSkybox":true,"showFlares":true,"showImageEffects":true,"showParticleSystems":true},"in2DMode":false,"pivot":{"x":38.50392532348633,"y":121.03804016113281,"z":63.09356689453125},"rotation":{"x":0.20288947224617005,"y":-0.14713136851787568,"z":-0.030851589515805246,"w":-0.9675931334495544},"size":246.799560546875,"orthographic":false}