{"cameraMode":{"drawMode":0,"name":"Shaded","section":"Shading Mode"},"sceneLighting":false,"audioPlay":false,"sceneViewState":{"showFog":true,"showMaterialUpdate":false,"showSkybox":true,"showFlares":true,"showImageEffects":true,"showParticleSystems":true},"in2DMode":false,"pivot":{"x":-9.179999351501465,"y":2.191314697265625,"z":-5.132004261016846},"rotation":{"x":-0.035268522799015048,"y":-0.4408302307128906,"z":0.017337540164589883,"w":-0.8967297673225403},"size":7.54792594909668,"orthographic":false}