{"cameraMode":{"drawMode":0,"name":"Shaded","section":"Shading Mode"},"sceneLighting":false,"audioPlay":false,"sceneViewState":{"showFog":true,"showMaterialUpdate":false,"showSkybox":true,"showFlares":true,"showImageEffects":true,"showParticleSystems":true},"in2DMode":false,"pivot":{"x":33.82814025878906,"y":5.022984504699707,"z":56.15437698364258},"rotation":{"x":-0.035268522799015048,"y":-0.4408302307128906,"z":0.017337540164589883,"w":-0.8967297673225403},"size":7.762082099914551,"orthographic":false}