{"cameraMode":{"drawMode":0,"name":"Shaded","section":"Shading Mode"},"sceneLighting":false,"audioPlay":false,"sceneViewState":{"showFog":true,"showMaterialUpdate":false,"showSkybox":true,"showFlares":true,"showImageEffects":true,"showParticleSystems":true},"in2DMode":false,"pivot":{"x":0.4650000333786011,"y":0.8500000238418579,"z":0.4999999701976776},"rotation":{"x":-0.15118564665317536,"y":-0.023131608963012697,"z":0.0035386139061301948,"w":-0.988228440284729},"size":2.4919369220733644,"orthographic":false}