{"cameraMode":{"drawMode":0,"name":"Shaded","section":"Shading Mode"},"sceneLighting":false,"audioPlay":false,"sceneViewState":{"showFog":true,"showMaterialUpdate":false,"showSkybox":true,"showFlares":true,"showImageEffects":true,"showParticleSystems":true},"in2DMode":false,"pivot":{"x":62.63846206665039,"y":0.9874235391616821,"z":12.304311752319336},"rotation":{"x":-0.035268522799015048,"y":-0.4408302307128906,"z":0.017337540164589883,"w":-0.8967297673225403},"size":9.518590927124024,"orthographic":false}