{"cameraMode":{"drawMode":0,"name":"Shaded","section":"Shading Mode"},"sceneLighting":false,"audioPlay":false,"sceneViewState":{"showFog":true,"showMaterialUpdate":false,"showSkybox":true,"showFlares":true,"showImageEffects":true,"showParticleSystems":true},"in2DMode":false,"pivot":{"x":72.00875854492188,"y":-10.952827453613282,"z":12.54830551147461},"rotation":{"x":-0.22390329837799073,"y":-0.4738191068172455,"z":0.12594927847385407,"w":-0.8423179388046265},"size":37.120323181152347,"orthographic":false}