{"cameraMode":{"drawMode":0,"name":"Shaded","section":"Shading Mode"},"sceneLighting":false,"audioPlay":false,"sceneViewState":{"showFog":true,"showMaterialUpdate":false,"showSkybox":true,"showFlares":true,"showImageEffects":true,"showParticleSystems":true},"in2DMode":false,"pivot":{"x":4.532839775085449,"y":-3.4377384185791017,"z":-3.4442410469055177},"rotation":{"x":0.26003900170326235,"y":0.7204868197441101,"z":-0.34564870595932009,"w":0.5420382618904114},"size":21.037460327148439,"orthographic":false}