{"cameraMode":{"drawMode":0,"name":"Shaded","section":"Shading Mode"},"sceneLighting":false,"audioPlay":false,"sceneViewState":{"showFog":true,"showMaterialUpdate":false,"showSkybox":true,"showFlares":true,"showImageEffects":true,"showParticleSystems":true},"in2DMode":false,"pivot":{"x":1.3600244522094727,"y":0.21220242977142335,"z":-1.1401572227478028},"rotation":{"x":0.22325004637241364,"y":0.03684613108634949,"z":-0.00844542495906353,"w":0.9740279912948608},"size":11.493216514587403,"orthographic":false}