{"cameraMode":{"drawMode":0,"name":"Shaded","section":"Shading Mode"},"sceneLighting":false,"audioPlay":false,"sceneViewState":{"showFog":true,"showMaterialUpdate":false,"showSkybox":true,"showFlares":true,"showImageEffects":true,"showParticleSystems":true},"in2DMode":false,"pivot":{"x":2.697451591491699,"y":-0.17214131355285645,"z":1.0662846565246583},"rotation":{"x":-0.035268522799015048,"y":-0.4408302307128906,"z":0.017337540164589883,"w":-0.8967297673225403},"size":18.41080093383789,"orthographic":false}