{"cameraMode":{"drawMode":0,"name":"Shaded","section":"Shading Mode"},"sceneLighting":false,"audioPlay":false,"sceneViewState":{"showFog":true,"showMaterialUpdate":false,"showSkybox":true,"showFlares":true,"showImageEffects":true,"showParticleSystems":true},"in2DMode":false,"pivot":{"x":-2.0480284690856935,"y":1.2694687843322755,"z":7.364688873291016},"rotation":{"x":-0.035268522799015048,"y":-0.4408302307128906,"z":0.017337540164589883,"w":-0.8967297673225403},"size":20.744956970214845,"orthographic":false}