{"cameraMode":{"drawMode":0,"name":"Shaded","section":"Shading Mode"},"sceneLighting":false,"audioPlay":false,"sceneViewState":{"showFog":true,"showMaterialUpdate":false,"showSkybox":true,"showFlares":true,"showImageEffects":true,"showParticleSystems":true},"in2DMode":false,"pivot":{"x":0.0005886554718017578,"y":0.75,"z":-0.0005889534950256348},"rotation":{"x":-0.17638139426708222,"y":-0.002365672495216131,"z":0.00042365631088614464,"w":-0.9843189716339111},"size":4.463205814361572,"orthographic":false}